20060,"2006000","https://raw.githubusercontent.com/leroymerlin-lrm/media/v3/categories/primary/20060.jpg"
20080,"2008000","https://raw.githubusercontent.com/leroymerlin-lrm/media/v3/categories/primary/20080.jpg"
20100,"2010000","https://raw.githubusercontent.com/leroymerlin-lrm/media/v3/categories/primary/20100.jpg"
20120,"2012000","https://raw.githubusercontent.com/leroymerlin-lrm/media/v3/categories/primary/20120.jpg"
20180,"2018000","https://raw.githubusercontent.com/leroymerlin-lrm/media/v3/categories/primary/20180.jpg"
30040,"3004000","https://raw.githubusercontent.com/leroymerlin-lrm/media/v3/categories/primary/30040.jpg"
30260,"3026000","https://raw.githubusercontent.com/leroymerlin-lrm/media/v3/categories/primary/30260.jpg"
30520,"3052000","https://raw.githubusercontent.com/leroymerlin-lrm/media/v3/categories/primary/30520.jpg"
30600,"3060000","https://raw.githubusercontent.com/leroymerlin-lrm/media/v3/categories/primary/30600.jpg"
30640,"3064000","https://raw.githubusercontent.com/leroymerlin-lrm/media/v3/categories/primary/30640.jpg"
30660,"3066000","https://raw.githubusercontent.com/leroymerlin-lrm/media/v3/categories/primary/30660.jpg"
30680,"3068000","https://raw.githubusercontent.com/leroymerlin-lrm/media/v3/categories/primary/30680.jpg"
30700,"3070000","https://raw.githubusercontent.com/leroymerlin-lrm/media/v3/categories/primary/30700.jpg"
40020,"4002000","https://raw.githubusercontent.com/leroymerlin-lrm/media/v3/categories/primary/40020.jpg"
40040,"4004000","https://raw.githubusercontent.com/leroymerlin-lrm/media/v3/categories/primary/40040.jpg"
40300,"4030000","https://raw.githubusercontent.com/leroymerlin-lrm/media/v3/categories/primary/40300.jpg"
40320,"4032000","https://raw.githubusercontent.com/leroymerlin-lrm/media/v3/categories/primary/40320.jpg"
40340,"4034000","https://raw.githubusercontent.com/leroymerlin-lrm/media/v3/categories/primary/40340.jpg"
40520,"4052000","https://raw.githubusercontent.com/leroymerlin-lrm/media/v3/categories/primary/40520.jpg"
40560,"4056000","https://raw.githubusercontent.com/leroymerlin-lrm/media/v3/categories/primary/40560.jpg"
40580,"4058000","https://raw.githubusercontent.com/leroymerlin-lrm/media/v3/categories/primary/40580.jpg"
40600,"4060000","https://raw.githubusercontent.com/leroymerlin-lrm/media/v3/categories/primary/40600.jpg"
40620,"4062000","https://raw.githubusercontent.com/leroymerlin-lrm/media/v3/categories/primary/40620.jpg"
40640,"4064000","https://raw.githubusercontent.com/leroymerlin-lrm/media/v3/categories/primary/40640.jpg"
40660,"4066000","https://raw.githubusercontent.com/leroymerlin-lrm/media/v3/categories/primary/40660.jpg"
40820,"4082000","https://raw.githubusercontent.com/leroymerlin-lrm/media/v3/categories/primary/40820.jpg"
40880,"4088000","https://raw.githubusercontent.com/leroymerlin-lrm/media/v3/categories/primary/40880.jpg"
40900,"4090000","https://raw.githubusercontent.com/leroymerlin-lrm/media/v3/categories/primary/40900.jpg"
40920,"4092000","https://raw.githubusercontent.com/leroymerlin-lrm/media/v3/categories/primary/40920.jpg"
41100,"4110000","https://raw.githubusercontent.com/leroymerlin-lrm/media/v3/categories/primary/41100.jpg"
41200,"4120000","https://raw.githubusercontent.com/leroymerlin-lrm/media/v3/categories/primary/41200.jpg"
41220,"4122000","https://raw.githubusercontent.com/leroymerlin-lrm/media/v3/categories/primary/41220.jpg"
41240,"4124000","https://raw.githubusercontent.com/leroymerlin-lrm/media/v3/categories/primary/41240.jpg"
41260,"4126000","https://raw.githubusercontent.com/leroymerlin-lrm/media/v3/categories/primary/41260.jpg"
41280,"4128000","https://raw.githubusercontent.com/leroymerlin-lrm/media/v3/categories/primary/41280.jpg"
41400,"4140000","https://raw.githubusercontent.com/leroymerlin-lrm/media/v3/categories/primary/41400.jpg"
41420,"4142000","https://raw.githubusercontent.com/leroymerlin-lrm/media/v3/categories/primary/41420.jpg"
41540,"4154000","https://raw.githubusercontent.com/leroymerlin-lrm/media/v3/categories/primary/41540.jpg"
41580,"4158000","https://raw.githubusercontent.com/leroymerlin-lrm/media/v3/categories/primary/41580.jpg"
41620,"4162000","https://raw.githubusercontent.com/leroymerlin-lrm/media/v3/categories/primary/41620.jpg"
50120,"5012000","https://raw.githubusercontent.com/leroymerlin-lrm/media/v3/categories/primary/50120.jpg"
50140,"5014000","https://raw.githubusercontent.com/leroymerlin-lrm/media/v3/categories/primary/50140.jpg"
50160,"5016000","https://raw.githubusercontent.com/leroymerlin-lrm/media/v3/categories/primary/50160.jpg"
50180,"5018000","https://raw.githubusercontent.com/leroymerlin-lrm/media/v3/categories/primary/50180.jpg"
50200,"5020000","https://raw.githubusercontent.com/leroymerlin-lrm/media/v3/categories/primary/50200.jpg"
50220,"5022000","https://raw.githubusercontent.com/leroymerlin-lrm/media/v3/categories/primary/50220.jpg"
50300,"5030000","https://raw.githubusercontent.com/leroymerlin-lrm/media/v3/categories/primary/50300.jpg"
50320,"5032000","https://raw.githubusercontent.com/leroymerlin-lrm/media/v3/categories/primary/50320.jpg"
50340,"5034000","https://raw.githubusercontent.com/leroymerlin-lrm/media/v3/categories/primary/50340.jpg"
50360,"5036000","https://raw.githubusercontent.com/leroymerlin-lrm/media/v3/categories/primary/50360.jpg"
50440,"5044000","https://raw.githubusercontent.com/leroymerlin-lrm/media/v3/categories/primary/50440.jpg"
50460,"5046000","https://raw.githubusercontent.com/leroymerlin-lrm/media/v3/categories/primary/50460.jpg"
50500,"5050000","https://raw.githubusercontent.com/leroymerlin-lrm/media/v3/categories/primary/50500.jpg"
50520,"5052000","https://raw.githubusercontent.com/leroymerlin-lrm/media/v3/categories/primary/50520.jpg"
50660,"5066000","https://raw.githubusercontent.com/leroymerlin-lrm/media/v3/categories/primary/50660.jpg"
50680,"5068000","https://raw.githubusercontent.com/leroymerlin-lrm/media/v3/categories/primary/50680.jpg"
